epoch,loss,lr,mae,mse,val_loss,val_mae,val_mse
0,1.597638726234436,0.0002,1.589057207107544,8.780404090881348,0.6477816700935364,0.6392085552215576,0.7688682675361633
